Data Reviewer,Completed? Comments?,WORLDGRIDS_CODE,SERIES_NAME,ATTRIBUTE_TITLE,DESCRIPTION,RESOLUTION_SOURCE_M,RESAMPLE_METHOD,CONFIDENCE_INTERVAL,HORIZON_UPPER_DEPTH,HORIZON_LOWER_DEPTH,Z_SCALE,RANGE_DOMAIN_MINIMUM,RANGE_DOMAIN_MAXIMUM,MASK_VALUE,ATTRIBUTE_MEASUREMENT_RESOLUTION,ATTRIBUTE_UNITS_OF_MEASURE,CITATION_URL,CITATION_ORIGINATOR,DATA_LICENSE_URL,CITATION_ADDRESS,PUBLICATION_DATE,PUBLICATION_TITLE,DOWNLOAD_FTP_URL,TECHNICAL_SPECIFICATIONS_URL,PROJECT_URL,LEGEND,LINEAGE_CODE
Amanda,complete,DEMNED6,DEM-parameters,Land surface elevation,Merged elevation based on 100 m resolution DEMs from NED - Conterminous United States 100 Meter Resolution Albers Projection. No additional post-processing has been applied to remove vegetation and filter noise.,100,average,M,0.00 m,0.00 m,1,-350,8500,20,1,meter,http://nationalmap.gov/small_scale/,NED - Conterminous United States 100 Meter Resolution Albers Projection,http://nationalmap.gov/small_scale/,,2014,,http://dds.cr.usgs.gov/pub/data/nationalatlas/elev48i0100a.tif_nt00828.tar.gz,,,,
,complete,SLPNED6,DEM-parameters,Terrain slope,Terrain slope based on DEMMRG5 derived in SAGA GIS and expressed in radians x 100.,100,,M,0.00 m,0.00 m,100,0,180,1,1,radians x 100,http://nationalmap.gov/small_scale/,NED - Conterminous United States 100 Meter Resolution Albers Projection,http://nationalmap.gov/small_scale/,,2014,,ftp.worldgrids.org,http://www.saga-gis.org/saga_module_doc/2.2.7/ta_morphometry_0.html,,,https://github.com/ISRICWorldSoil/SoilGrids250m/tree/master/grids/USA48
,complete,CRVNED6,DEM-parameters,Profile Curvature,Profile curvature based on DEMNED6 derived in SAGA GIS.,100,,M,0.00 m,0.00 m,10000,-250,250,0,1,,http://nationalmap.gov/small_scale/,NED - Conterminous United States 100 Meter Resolution Albers Projection,http://nationalmap.gov/small_scale/,,2014,,ftp.worldgrids.org,http://www.saga-gis.org/saga_module_doc/2.2.7/ta_morphometry_0.html,,,https://github.com/ISRICWorldSoil/SoilGrids250m/tree/master/grids/USA48
,complete,VBFNED6,DEM-parameters,Multiresolution Index of Valley Bottom Flatness (MRVBF),"Multiresolution Index of Valley Bottom Flatness (MRVBF) based on DEMNED6. Derived in SAGA GIS at 500 m, then downscaled to 250 m. Computationally very intensive operation.",100,,M,0.00 m,0.00 m,100,0,1000,400,1,,http://nationalmap.gov/small_scale/,NED - Conterminous United States 100 Meter Resolution Albers Projection,http://nationalmap.gov/small_scale/,,2014,,ftp.worldgrids.org,http://www.saga-gis.org/saga_module_doc/2.2.7/ta_morphometry_8.html,,,https://github.com/ISRICWorldSoil/SoilGrids250m/tree/master/grids/USA48
,complete. This map looks like a more detailed version of the valley depth map ,DVMNED6,DEM-parameters,Deviation from Mean Value (surface roughness),Deviation from Mean Value (surface roughness) based on DEMNED6. Derived in SAGA GIS using a 7 by 7 search radius.,100,,M,0.00 m,0.00 m,100,-1500,1500,0,1,meter x 100,http://nationalmap.gov/small_scale/,NED - Conterminous United States 100 Meter Resolution Albers Projection,http://nationalmap.gov/small_scale/,,2014,,ftp.worldgrids.org,http://www.saga-gis.org/saga_module_doc/2.2.7/statistics_grid_1.html,,,https://github.com/ISRICWorldSoil/SoilGrids250m/tree/master/grids/USA48
,much better resolution than VDCNED6,VDPNED6,DEM-parameters,Valley depth,Valley depth based on DEMNED6 i.e. vertical distance to a channel network base level derived in SAGA GIS.,100,,M,0.00 m,0.00 m,10,-5000,5000,0,1,meter x 10,http://nationalmap.gov/small_scale/,NED - Conterminous United States 100 Meter Resolution Albers Projection,http://nationalmap.gov/small_scale/,,2014,,ftp.worldgrids.org,http://www.saga-gis.org/saga_module_doc/2.2.7/ta_channels_7.html,,,https://github.com/ISRICWorldSoil/SoilGrids250m/tree/master/grids/USA48
,complete,NEGNED6,DEM-parameters,Negative Topographic Openness,Negative Topographic Openness based on DEMNED6; derived in SAGA GIS. Positive topographic openness expresses the dominance of a landscape location. See Yokoyama et al. (2002) for a precise definition.,100,,M,0.00 m,0.00 m,1000,0,5000,1500,1,,http://nationalmap.gov/small_scale/,NED - Conterminous United States 100 Meter Resolution Albers Projection,http://nationalmap.gov/small_scale/,,2014,,ftp.worldgrids.org,http://www.saga-gis.org/saga_module_doc/2.2.7/ta_lighting_5.html,,,https://github.com/ISRICWorldSoil/SoilGrids250m/tree/master/grids/USA48
,complete,POSNED6,DEM-parameters,Positive Topographic Openness,Positive Topographic Openness based on DEMNED6; derived in SAGA GIS. Negative topographic openness expresses the enclosure of a landscape location. See Yokoyama et al. (2002) for a precise definition.,100,,M,0.00 m,0.00 m,1000,0,5000,1500,1,,http://nationalmap.gov/small_scale/,NED - Conterminous United States 100 Meter Resolution Albers Projection,http://nationalmap.gov/small_scale/,,2014,,ftp.worldgrids.org,http://www.saga-gis.org/saga_module_doc/2.2.7/ta_lighting_5.html,,,https://github.com/ISRICWorldSoil/SoilGrids250m/tree/master/grids/USA48
,complete,MRNNED6,DEM-parameters,Melton Ruggedness Number,,100,,M,0.00 m,0.00 m,100,0,,,1,,http://nationalmap.gov/small_scale/,NED - Conterminous United States 100 Meter Resolution Albers Projection,http://nationalmap.gov/small_scale/,,2014,,ftp.worldgrids.org,http://saga-gis.org/saga_module_doc/2.2.7/ta_hydrology_23.html,,,
,complete. What was the window radius?,TPINED6,DEM-parameters,Topographic Position Index,Topographic Position Index is the difference to the mean calculation (residual analysis) proposed by Wilson & Gallant (2000).,100,,M,0.00 m,0.00 m,100,0,,,1,,http://nationalmap.gov/small_scale/,NED - Conterminous United States 100 Meter Resolution Albers Projection,http://nationalmap.gov/small_scale/,,2014,,ftp.worldgrids.org,http://saga-gis.org/saga_module_doc/2.2.7/ta_morphometry_18.html,,,
,complete. Misses many features. I would remove. ,VDCNED6,Hydrology,Vertical Distance to Channel Network,Vertical Distance to Channel Network - based on the stream network map of USA48,100,average,M,0.00 m,0.00 m,1,0,950,-32678,1,meter,http://nhd.usgs.gov/data.html,The National Hydrography Dataset (NHD),,,2014,,,,,,
Sharon,complete,NLCD116,Land cover,Land cover classes for year 2011,30-Meter Resolution Land Cover of the United States for year 2011,30,near,M,0.00 m,0.00 m,1,1,21,255,1,factor,https://www.mrlc.gov/nlcd11_data.php,National Land Cover Database,https://www.mrlc.gov/nlcd11_data.php,,2011,"Homer, C.G., Dewitz, J.A., Yang, L., Jin, S., Danielson, P., Xian, G., Coulston, J., Herold, N.D., Wickham, J.D., and Megown, K., 2015, Completion of the 2011 National Land Cover Database for the conterminous United States-Representing a decade of land cover change information. Photogrammetric Engineering and Remote Sensing, v. 81, no. 5, p. 345-354 ",https://www.mrlc.gov/nlcd11_data.php,https://www.mrlc.gov/nlcd11_data.php,,https://www.mrlc.gov/nlcd11_leg.php,
Skye,complete,PMTGSS7,gSSURGO,Parent material classes,Parent material classes based on gSSURGO,100,near,M,0.00 m,5.00 m,1,1,87,255,1,factor,http://www.nrcs.usda.gov/wps/portal/nrcs/detail/soils/survey/geo/?cid=nrcs142p2_053628,Gridded SSURGO (gSSURGO),http://www.nrcs.usda.gov/wps/portal/nrcs/detail/soils/survey/geo/?cid=nrcs142p2_053628,,2014,,,https://catalog.data.gov/dataset/gridded-soil-survey-geographic-gssurgo-10-database-for-the-conterminous-united-states-10-m,,https://docs.google.com/spreadsheets/d/1y0nMRrdPahnI5Et3AsV8GZV469ug34II5ZPJs4gbhKk/edit#gid=43213353,
Sharon,complete,DRNGSS7,gSSURGO,Drainage classes,Drainage classes based on gSSURGO,100,near,M,0.00 m,5.00 m,1,1,9,255,1,factor,http://www.nrcs.usda.gov/wps/portal/nrcs/detail/soils/survey/geo/?cid=nrcs142p2_053629,Gridded SSURGO (gSSURGO),http://www.nrcs.usda.gov/wps/portal/nrcs/detail/soils/survey/geo/?cid=nrcs142p2_053629,,2014,,,https://catalog.data.gov/dataset/gridded-soil-survey-geographic-gssurgo-10-database-for-the-conterminous-united-states-10-m,,https://docs.google.com/spreadsheets/d/1y0nMRrdPahnI5Et3AsV8GZV469ug34II5ZPJs4gbhKk/edit#gid=384507662,
,complete,PVEGKT6,CBI,Potential vegetation,"U.S. Potential Natural Vegetation, Original Kuchler Types, v2.0",5000,near,M,0.00 m,5.00 m,1,1,28,255,1,factor,,"Kuchler, A.W., Conservation Biology Institute",,,2010,,http://databasin.org/datasets/1c7a301c8e6843f2b4fe63fdb3a9fe39,,,,
Travis,complete,EX1MOD5,MOD13Q1,Mean monthly MODIS EVI JanFeb,Long-term averaged mean monthly MODIS Enhanced Vegetation Index (EVI) for months January and February. Derived using a stack of MOD13Q1 EVI images.,250,,M,0.00 m,0.00 m,10000,-2000,10000,2000,1,,https://lpdaac.usgs.gov/dataset_discovery/modis/modis_products_table/mod13q1,LAND PROCESSES DISTRIBUTED ACTIVE ARCHIVE CENTER,https://lpdaac.usgs.gov/products/modis_policies,lpdaac@usgs.gov,2003,,ftp.ladsftp.nascom.nasa.gov,https://lpdaac.usgs.gov/dataset_discovery/modis/modis_products_table/mod13q1,https://lpdaac.usgs.gov,,https://github.com/ISRICWorldSoil/SoilGrids250m/tree/master/grids/MOD13Q1
,complete,EX2MOD5,MOD13Q2,Mean monthly MODIS EVI MarApr,Long-term averaged mean monthly MODIS Enhanced Vegetation Index (EVI) for months March and April. Derived using a stack of MOD13Q1 EVI images.,250,,M,0.00 m,0.00 m,10000,-2000,10000,3000,1,,https://lpdaac.usgs.gov/dataset_discovery/modis/modis_products_table/mod13q1,LAND PROCESSES DISTRIBUTED ACTIVE ARCHIVE CENTER,https://lpdaac.usgs.gov/products/modis_policies,lpdaac@usgs.gov,2003,,ftp.ladsftp.nascom.nasa.gov,https://lpdaac.usgs.gov/dataset_discovery/modis/modis_products_table/mod13q2,https://lpdaac.usgs.gov,,https://github.com/ISRICWorldSoil/SoilGrids250m/tree/master/grids/MOD13Q1
,complete,EX3MOD5,MOD13Q3,Mean monthly MODIS EVI MayJun,Long-term averaged mean monthly MODIS Enhanced Vegetation Index (EVI) for months May and June. Derived using a stack of MOD13Q1 EVI images.,250,,M,0.00 m,0.00 m,10000,-2000,10000,4000,1,,https://lpdaac.usgs.gov/dataset_discovery/modis/modis_products_table/mod13q2,LAND PROCESSES DISTRIBUTED ACTIVE ARCHIVE CENTER,https://lpdaac.usgs.gov/products/modis_policies,lpdaac@usgs.gov,2003,,ftp.ladsftp.nascom.nasa.gov,https://lpdaac.usgs.gov/dataset_discovery/modis/modis_products_table/mod13q3,https://lpdaac.usgs.gov,,https://github.com/ISRICWorldSoil/SoilGrids250m/tree/master/grids/MOD13Q1
,complete,EX4MOD5,MOD13Q4,Mean monthly MODIS EVI JulAug,Long-term averaged mean monthly MODIS Enhanced Vegetation Index (EVI) for months July and August. Derived using a stack of MOD13Q1 EVI images.,250,,M,0.00 m,0.00 m,10000,-2000,10000,4000,1,,https://lpdaac.usgs.gov/dataset_discovery/modis/modis_products_table/mod13q1,LAND PROCESSES DISTRIBUTED ACTIVE ARCHIVE CENTER,https://lpdaac.usgs.gov/products/modis_policies,lpdaac@usgs.gov,2003,,ftp.ladsftp.nascom.nasa.gov,https://lpdaac.usgs.gov/dataset_discovery/modis/modis_products_table/mod13q4,https://lpdaac.usgs.gov,,https://github.com/ISRICWorldSoil/SoilGrids250m/tree/master/grids/MOD13Q1
,complete,EX5MOD5,MOD13Q5,Mean monthly MODIS EVI SepOct,Long-term averaged mean monthly MODIS Enhanced Vegetation Index (EVI) for months September and October. Derived using a stack of MOD13Q1 EVI images.,250,,M,0.00 m,0.00 m,10000,-2000,10000,3000,1,,https://lpdaac.usgs.gov/dataset_discovery/modis/modis_products_table/mod13q1,LAND PROCESSES DISTRIBUTED ACTIVE ARCHIVE CENTER,https://lpdaac.usgs.gov/products/modis_policies,lpdaac@usgs.gov,2003,,ftp.ladsftp.nascom.nasa.gov,https://lpdaac.usgs.gov/dataset_discovery/modis/modis_products_table/mod13q5,https://lpdaac.usgs.gov,,https://github.com/ISRICWorldSoil/SoilGrids250m/tree/master/grids/MOD13Q1
,complete,EX6MOD5,MOD13Q6,Mean monthly MODIS EVI NovDec,Long-term averaged mean monthly MODIS Enhanced Vegetation Index (EVI) for months November and December. Derived using a stack of MOD13Q1 EVI images.,250,,M,0.00 m,0.00 m,10000,-2000,10000,2000,1,,https://lpdaac.usgs.gov/dataset_discovery/modis/modis_products_table/mod13q2,LAND PROCESSES DISTRIBUTED ACTIVE ARCHIVE CENTER,https://lpdaac.usgs.gov/products/modis_policies,lpdaac@usgs.gov,2003,,ftp.ladsftp.nascom.nasa.gov,https://lpdaac.usgs.gov/dataset_discovery/modis/modis_products_table/mod13q6,https://lpdaac.usgs.gov,,https://github.com/ISRICWorldSoil/SoilGrids250m/tree/master/grids/MOD13Q1
,complete,ES1MOD5,MOD13Q7,SD monthly MODIS EVI JanFeb,Long-term s.d. of the monthly MODIS Enhanced Vegetation Index (EVI) for months January and February. Derived using a stack of MOD13Q1 EVI images.,250,,M,0.00 m,0.00 m,10000,0,7500,700,1,,https://lpdaac.usgs.gov/dataset_discovery/modis/modis_products_table/mod13q3,LAND PROCESSES DISTRIBUTED ACTIVE ARCHIVE CENTER,https://lpdaac.usgs.gov/products/modis_policies,lpdaac@usgs.gov,2003,,ftp.ladsftp.nascom.nasa.gov,https://lpdaac.usgs.gov/dataset_discovery/modis/modis_products_table/mod13q7,https://lpdaac.usgs.gov,,https://github.com/ISRICWorldSoil/SoilGrids250m/tree/master/grids/MOD13Q1
,complete,ES2MOD5,MOD13Q8,SD monthly MODIS EVI MarApr,Long-term s.d. of the monthly MODIS Enhanced Vegetation Index (EVI) for months March and April. Derived using a stack of MOD13Q1 EVI images.,250,,M,0.00 m,0.00 m,10000,0,7500,700,1,,https://lpdaac.usgs.gov/dataset_discovery/modis/modis_products_table/mod13q4,LAND PROCESSES DISTRIBUTED ACTIVE ARCHIVE CENTER,https://lpdaac.usgs.gov/products/modis_policies,lpdaac@usgs.gov,2003,,ftp.ladsftp.nascom.nasa.gov,https://lpdaac.usgs.gov/dataset_discovery/modis/modis_products_table/mod13q8,https://lpdaac.usgs.gov,,https://github.com/ISRICWorldSoil/SoilGrids250m/tree/master/grids/MOD13Q1
,complete,ES3MOD5,MOD13Q9,SD monthly MODIS EVI MayJun,Long-term s.d. of the monthly MODIS Enhanced Vegetation Index (EVI) for months May and June. Derived using a stack of MOD13Q1 EVI images.,250,,M,0.00 m,0.00 m,10000,0,7500,700,1,,https://lpdaac.usgs.gov/dataset_discovery/modis/modis_products_table/mod13q5,LAND PROCESSES DISTRIBUTED ACTIVE ARCHIVE CENTER,https://lpdaac.usgs.gov/products/modis_policies,lpdaac@usgs.gov,2003,,ftp.ladsftp.nascom.nasa.gov,https://lpdaac.usgs.gov/dataset_discovery/modis/modis_products_table/mod13q9,https://lpdaac.usgs.gov,,https://github.com/ISRICWorldSoil/SoilGrids250m/tree/master/grids/MOD13Q1
,complete,ES4MOD5,MOD13Q10,SD monthly MODIS EVI JulAug,Long-term s.d. of the monthly MODIS Enhanced Vegetation Index (EVI) for months July and August. Derived using a stack of MOD13Q1 EVI images.,250,,M,0.00 m,0.00 m,10000,0,7500,700,1,,https://lpdaac.usgs.gov/dataset_discovery/modis/modis_products_table/mod13q6,LAND PROCESSES DISTRIBUTED ACTIVE ARCHIVE CENTER,https://lpdaac.usgs.gov/products/modis_policies,lpdaac@usgs.gov,2003,,ftp.ladsftp.nascom.nasa.gov,https://lpdaac.usgs.gov/dataset_discovery/modis/modis_products_table/mod13q10,https://lpdaac.usgs.gov,,https://github.com/ISRICWorldSoil/SoilGrids250m/tree/master/grids/MOD13Q1
,complete,ES5MOD5,MOD13Q11,SD monthly MODIS EVI SepOct,Long-term s.d. of the monthly MODIS Enhanced Vegetation Index (EVI) for months September and October. Derived using a stack of MOD13Q1 EVI images.,250,,M,0.00 m,0.00 m,10000,0,7500,700,1,,https://lpdaac.usgs.gov/dataset_discovery/modis/modis_products_table/mod13q7,LAND PROCESSES DISTRIBUTED ACTIVE ARCHIVE CENTER,https://lpdaac.usgs.gov/products/modis_policies,lpdaac@usgs.gov,2003,,ftp.ladsftp.nascom.nasa.gov,https://lpdaac.usgs.gov/dataset_discovery/modis/modis_products_table/mod13q11,https://lpdaac.usgs.gov,,https://github.com/ISRICWorldSoil/SoilGrids250m/tree/master/grids/MOD13Q1
,complete,ES6MOD5,MOD13Q12,SD monthly MODIS EVI NovDec,Long-term s.d. of the monthly MODIS Enhanced Vegetation Index (EVI) for months November and December. Derived using a stack of MOD13Q1 EVI images.,250,,M,0.00 m,0.00 m,10000,0,7500,700,1,,https://lpdaac.usgs.gov/dataset_discovery/modis/modis_products_table/mod13q8,LAND PROCESSES DISTRIBUTED ACTIVE ARCHIVE CENTER,https://lpdaac.usgs.gov/products/modis_policies,lpdaac@usgs.gov,2003,,ftp.ladsftp.nascom.nasa.gov,https://lpdaac.usgs.gov/dataset_discovery/modis/modis_products_table/mod13q12,https://lpdaac.usgs.gov,,https://github.com/ISRICWorldSoil/SoilGrids250m/tree/master/grids/MOD13Q1
,complete,T01MOD3,MOD11A2,Mean monthly MODIS LST (daytime) Jan,Long-term averaged mean monthly surface temperature (daytime) MODIS January. Derived using a stack of MOD11A2 LST images.,1000,cubicspline,M,0.00 m,0.00 m,1,200,340,279,1,Kelvin,https://lpdaac.usgs.gov/dataset_discovery/modis/modis_products_table/mod11a2,LAND PROCESSES DISTRIBUTED ACTIVE ARCHIVE CENTER,https://lpdaac.usgs.gov/products/modis_policies,lpdaac@usgs.gov,2003,"Wan, Z. (2006). MODIS land surface temperature products users’ guide. ICESS, University of California.",ftp.ladsftp.nascom.nasa.gov,https://lpdaac.usgs.gov/dataset_discovery/modis/modis_products_table/mod11a2,https://lpdaac.usgs.gov,,https://github.com/ISRICWorldSoil/SoilGrids250m/tree/master/grids/MOD11A2
,complete,T02MOD3,MOD11A2,Mean monthly MODIS LST (daytime) Feb,Long-term averaged mean monthly surface temperature (daytime) MODIS February. Derived using a stack of MOD11A2 LST images.,1000,cubicspline,M,0.00 m,0.00 m,1,200,340,283,1,Kelvin,https://lpdaac.usgs.gov/dataset_discovery/modis/modis_products_table/mod11a3,LAND PROCESSES DISTRIBUTED ACTIVE ARCHIVE CENTER,https://lpdaac.usgs.gov/products/modis_policies,lpdaac@usgs.gov,2003,"Wan, Z. (2006). MODIS land surface temperature products users’ guide.ICESS, University of California.",ftp.ladsftp.nascom.nasa.gov,https://lpdaac.usgs.gov/dataset_discovery/modis/modis_products_table/mod11a3,https://lpdaac.usgs.gov,,https://github.com/ISRICWorldSoil/SoilGrids250m/tree/master/grids/MOD11A2
,complete,T03MOD3,MOD11A2,Mean monthly MODIS LST (daytime) Mar,Long-term averaged mean monthly surface temperature (daytime) MODIS March. Derived using a stack of MOD11A2 LST images.,1000,cubicspline,M,0.00 m,0.00 m,1,200,340,292,1,Kelvin,https://lpdaac.usgs.gov/dataset_discovery/modis/modis_products_table/mod11a4,LAND PROCESSES DISTRIBUTED ACTIVE ARCHIVE CENTER,https://lpdaac.usgs.gov/products/modis_policies,lpdaac@usgs.gov,2003,"Wan, Z. (2006). MODIS land surface temperature products users’ guide.ICESS, University of California.",ftp.ladsftp.nascom.nasa.gov,https://lpdaac.usgs.gov/dataset_discovery/modis/modis_products_table/mod11a4,https://lpdaac.usgs.gov,,https://github.com/ISRICWorldSoil/SoilGrids250m/tree/master/grids/MOD11A2
,complete,T04MOD3,MOD11A2,Mean monthly MODIS LST (daytime) Apr,Long-term averaged mean monthly surface temperature (daytime) MODIS April. Derived using a stack of MOD11A2 LST images.,1000,cubicspline,M,0.00 m,0.00 m,1,200,340,297,1,Kelvin,https://lpdaac.usgs.gov/dataset_discovery/modis/modis_products_table/mod11a5,LAND PROCESSES DISTRIBUTED ACTIVE ARCHIVE CENTER,https://lpdaac.usgs.gov/products/modis_policies,lpdaac@usgs.gov,2003,"Wan, Z. (2006). MODIS land surface temperature products users’ guide.ICESS, University of California.",ftp.ladsftp.nascom.nasa.gov,https://lpdaac.usgs.gov/dataset_discovery/modis/modis_products_table/mod11a5,https://lpdaac.usgs.gov,,https://github.com/ISRICWorldSoil/SoilGrids250m/tree/master/grids/MOD11A2
,complete,T05MOD3,MOD11A2,Mean monthly MODIS LST (daytime) May,Long-term averaged mean monthly surface temperature (daytime) MODIS May. Derived using a stack of MOD11A2 LST images.,1000,cubicspline,M,0.00 m,0.00 m,1,200,340,299,1,Kelvin,https://lpdaac.usgs.gov/dataset_discovery/modis/modis_products_table/mod11a6,LAND PROCESSES DISTRIBUTED ACTIVE ARCHIVE CENTER,https://lpdaac.usgs.gov/products/modis_policies,lpdaac@usgs.gov,2003,"Wan, Z. (2006). MODIS land surface temperature products users’ guide.ICESS, University of California.",ftp.ladsftp.nascom.nasa.gov,https://lpdaac.usgs.gov/dataset_discovery/modis/modis_products_table/mod11a6,https://lpdaac.usgs.gov,,https://github.com/ISRICWorldSoil/SoilGrids250m/tree/master/grids/MOD11A2
,complete,T06MOD3,MOD11A2,Mean monthly MODIS LST (daytime) Jun,Long-term averaged mean monthly surface temperature (daytime) MODIS June. Derived using a stack of MOD11A2 LST images.,1000,cubicspline,M,0.00 m,0.00 m,1,200,340,300,1,Kelvin,https://lpdaac.usgs.gov/dataset_discovery/modis/modis_products_table/mod11a7,LAND PROCESSES DISTRIBUTED ACTIVE ARCHIVE CENTER,https://lpdaac.usgs.gov/products/modis_policies,lpdaac@usgs.gov,2003,"Wan, Z. (2006). MODIS land surface temperature products users’ guide.ICESS, University of California.",ftp.ladsftp.nascom.nasa.gov,https://lpdaac.usgs.gov/dataset_discovery/modis/modis_products_table/mod11a7,https://lpdaac.usgs.gov,,https://github.com/ISRICWorldSoil/SoilGrids250m/tree/master/grids/MOD11A2
,complete,T07MOD3,MOD11A2,Mean monthly MODIS LST (daytime) Jul,Long-term averaged mean monthly surface temperature (daytime) MODIS July. Derived using a stack of MOD11A2 LST images.,1000,cubicspline,M,0.00 m,0.00 m,1,200,340,300,1,Kelvin,https://lpdaac.usgs.gov/dataset_discovery/modis/modis_products_table/mod11a8,LAND PROCESSES DISTRIBUTED ACTIVE ARCHIVE CENTER,https://lpdaac.usgs.gov/products/modis_policies,lpdaac@usgs.gov,2003,"Wan, Z. (2006). MODIS land surface temperature products users’ guide.ICESS, University of California.",ftp.ladsftp.nascom.nasa.gov,https://lpdaac.usgs.gov/dataset_discovery/modis/modis_products_table/mod11a8,https://lpdaac.usgs.gov,,https://github.com/ISRICWorldSoil/SoilGrids250m/tree/master/grids/MOD11A2
,complete,T08MOD3,MOD11A2,Mean monthly MODIS LST (daytime) Aug,Long-term averaged mean monthly surface temperature (daytime) MODIS August. Derived using a stack of MOD11A2 LST images.,1000,cubicspline,M,0.00 m,0.00 m,1,200,340,300,1,Kelvin,https://lpdaac.usgs.gov/dataset_discovery/modis/modis_products_table/mod11a9,LAND PROCESSES DISTRIBUTED ACTIVE ARCHIVE CENTER,https://lpdaac.usgs.gov/products/modis_policies,lpdaac@usgs.gov,2003,"Wan, Z. (2006). MODIS land surface temperature products users’ guide.ICESS, University of California.",ftp.ladsftp.nascom.nasa.gov,https://lpdaac.usgs.gov/dataset_discovery/modis/modis_products_table/mod11a9,https://lpdaac.usgs.gov,,https://github.com/ISRICWorldSoil/SoilGrids250m/tree/master/grids/MOD11A2
Colby,complete,T09MOD3,MOD11A2,Mean monthly MODIS LST (daytime) Sep,Long-term averaged mean monthly surface temperature (daytime) MODIS September. Derived using a stack of MOD11A2 LST images.,1000,cubicspline,M,0.00 m,0.00 m,1,200,340,299,1,Kelvin,https://lpdaac.usgs.gov/dataset_discovery/modis/modis_products_table/mod11a10,LAND PROCESSES DISTRIBUTED ACTIVE ARCHIVE CENTER,https://lpdaac.usgs.gov/products/modis_policies,lpdaac@usgs.gov,2003,"Wan, Z. (2006). MODIS land surface temperature products users’ guide.ICESS, University of California.",ftp.ladsftp.nascom.nasa.gov,https://lpdaac.usgs.gov/dataset_discovery/modis/modis_products_table/mod11a10,https://lpdaac.usgs.gov,,https://github.com/ISRICWorldSoil/SoilGrids250m/tree/master/grids/MOD11A2
,complete,T10MOD3,MOD11A2,Mean monthly MODIS LST (daytime) Oct,Long-term averaged mean monthly surface temperature (daytime) MODIS October. Derived using a stack of MOD11A2 LST images.,1000,cubicspline,M,0.00 m,0.00 m,1,200,340,294,1,Kelvin,https://lpdaac.usgs.gov/dataset_discovery/modis/modis_products_table/mod11a11,LAND PROCESSES DISTRIBUTED ACTIVE ARCHIVE CENTER,https://lpdaac.usgs.gov/products/modis_policies,lpdaac@usgs.gov,2003,"Wan, Z. (2006). MODIS land surface temperature products users’ guide.ICESS, University of California.",ftp.ladsftp.nascom.nasa.gov,https://lpdaac.usgs.gov/dataset_discovery/modis/modis_products_table/mod11a11,https://lpdaac.usgs.gov,,https://github.com/ISRICWorldSoil/SoilGrids250m/tree/master/grids/MOD11A2
,complete,T11MOD3,MOD11A2,Mean monthly MODIS LST (daytime) Nov,Long-term averaged mean monthly surface temperature (daytime) MODIS November. Derived using a stack of MOD11A2 LST images.,1000,cubicspline,M,0.00 m,0.00 m,1,200,340,287,1,Kelvin,https://lpdaac.usgs.gov/dataset_discovery/modis/modis_products_table/mod11a12,LAND PROCESSES DISTRIBUTED ACTIVE ARCHIVE CENTER,https://lpdaac.usgs.gov/products/modis_policies,lpdaac@usgs.gov,2003,"Wan, Z. (2006). MODIS land surface temperature products users’ guide.ICESS, University of California.",ftp.ladsftp.nascom.nasa.gov,https://lpdaac.usgs.gov/dataset_discovery/modis/modis_products_table/mod11a12,https://lpdaac.usgs.gov,,https://github.com/ISRICWorldSoil/SoilGrids250m/tree/master/grids/MOD11A2
,complete,T12MOD3,MOD11A2,Mean monthly MODIS LST (daytime) Dec,Long-term averaged mean monthly surface temperature (daytime) MODIS December. Derived using a stack of MOD11A2 LST images.,1000,cubicspline,M,0.00 m,0.00 m,1,200,340,279,1,Kelvin,https://lpdaac.usgs.gov/dataset_discovery/modis/modis_products_table/mod11a13,LAND PROCESSES DISTRIBUTED ACTIVE ARCHIVE CENTER,https://lpdaac.usgs.gov/products/modis_policies,lpdaac@usgs.gov,2003,"Wan, Z. (2006). MODIS land surface temperature products users’ guide.ICESS, University of California.",ftp.ladsftp.nascom.nasa.gov,https://lpdaac.usgs.gov/dataset_discovery/modis/modis_products_table/mod11a13,https://lpdaac.usgs.gov,,https://github.com/ISRICWorldSoil/SoilGrids250m/tree/master/grids/MOD11A2
,complete,N01MOD3,MOD11A2,Mean monthly MODIS LST (nighttime) Jan,Long-term averaged mean monthly surface temperature (nighttime) MODIS January. Derived using a stack of MOD11A2 LST images.,1000,cubicspline,M,0.00 m,0.00 m,1,200,340,272,1,Kelvin,https://lpdaac.usgs.gov/dataset_discovery/modis/modis_products_table/mod11a14,LAND PROCESSES DISTRIBUTED ACTIVE ARCHIVE CENTER,https://lpdaac.usgs.gov/products/modis_policies,lpdaac@usgs.gov,2003,"Wan, Z. (2006). MODIS land surface temperature products users’ guide.ICESS, University of California.",ftp.ladsftp.nascom.nasa.gov,https://lpdaac.usgs.gov/dataset_discovery/modis/modis_products_table/mod11a14,https://lpdaac.usgs.gov,,https://github.com/ISRICWorldSoil/SoilGrids250m/tree/master/grids/MOD11A2
,complete,N02MOD3,MOD11A2,Mean monthly MODIS LST (nighttime) Feb,Long-term averaged mean monthly surface temperature (nighttime) MODIS February. Derived using a stack of MOD11A2 LST images.,1000,cubicspline,M,0.00 m,0.00 m,1,200,340,273,1,Kelvin,https://lpdaac.usgs.gov/dataset_discovery/modis/modis_products_table/mod11a15,LAND PROCESSES DISTRIBUTED ACTIVE ARCHIVE CENTER,https://lpdaac.usgs.gov/products/modis_policies,lpdaac@usgs.gov,2003,"Wan, Z. (2006). MODIS land surface temperature products users’ guide.ICESS, University of California.",ftp.ladsftp.nascom.nasa.gov,https://lpdaac.usgs.gov/dataset_discovery/modis/modis_products_table/mod11a15,https://lpdaac.usgs.gov,,https://github.com/ISRICWorldSoil/SoilGrids250m/tree/master/grids/MOD11A2
,complete,N03MOD3,MOD11A2,Mean monthly MODIS LST (nighttime) Mar,Long-term averaged mean monthly surface temperature (nighttime) MODIS March. Derived using a stack of MOD11A2 LST images.,1000,cubicspline,M,0.00 m,0.00 m,1,200,340,277,1,Kelvin,https://lpdaac.usgs.gov/dataset_discovery/modis/modis_products_table/mod11a16,LAND PROCESSES DISTRIBUTED ACTIVE ARCHIVE CENTER,https://lpdaac.usgs.gov/products/modis_policies,lpdaac@usgs.gov,2003,"Wan, Z. (2006). MODIS land surface temperature products users’ guide.ICESS, University of California.",ftp.ladsftp.nascom.nasa.gov,https://lpdaac.usgs.gov/dataset_discovery/modis/modis_products_table/mod11a16,https://lpdaac.usgs.gov,,https://github.com/ISRICWorldSoil/SoilGrids250m/tree/master/grids/MOD11A2
,complete,N04MOD3,MOD11A2,Mean monthly MODIS LST (nighttime) Apr,Long-term averaged mean monthly surface temperature (nighttime) MODIS April. Derived using a stack of MOD11A2 LST images.,1000,cubicspline,M,0.00 m,0.00 m,1,200,340,282,1,Kelvin,https://lpdaac.usgs.gov/dataset_discovery/modis/modis_products_table/mod11a17,LAND PROCESSES DISTRIBUTED ACTIVE ARCHIVE CENTER,https://lpdaac.usgs.gov/products/modis_policies,lpdaac@usgs.gov,2003,"Wan, Z. (2006). MODIS land surface temperature products users’ guide.ICESS, University of California.",ftp.ladsftp.nascom.nasa.gov,https://lpdaac.usgs.gov/dataset_discovery/modis/modis_products_table/mod11a17,https://lpdaac.usgs.gov,,https://github.com/ISRICWorldSoil/SoilGrids250m/tree/master/grids/MOD11A2
,complete,N05MOD3,MOD11A2,Mean monthly MODIS LST (nighttime) May,Long-term averaged mean monthly surface temperature (nighttime) MODIS May. Derived using a stack of MOD11A2 LST images.,1000,cubicspline,M,0.00 m,0.00 m,1,200,340,285,1,Kelvin,https://lpdaac.usgs.gov/dataset_discovery/modis/modis_products_table/mod11a18,LAND PROCESSES DISTRIBUTED ACTIVE ARCHIVE CENTER,https://lpdaac.usgs.gov/products/modis_policies,lpdaac@usgs.gov,2003,"Wan, Z. (2006). MODIS land surface temperature products users’ guide.ICESS, University of California.",ftp.ladsftp.nascom.nasa.gov,https://lpdaac.usgs.gov/dataset_discovery/modis/modis_products_table/mod11a18,https://lpdaac.usgs.gov,,https://github.com/ISRICWorldSoil/SoilGrids250m/tree/master/grids/MOD11A2
,complete,N06MOD3,MOD11A2,Mean monthly MODIS LST (nighttime) Jun,Long-term averaged mean monthly surface temperature (nighttime) MODIS June. Derived using a stack of MOD11A2 LST images.,1000,cubicspline,M,0.00 m,0.00 m,1,200,340,289,1,Kelvin,https://lpdaac.usgs.gov/dataset_discovery/modis/modis_products_table/mod11a19,LAND PROCESSES DISTRIBUTED ACTIVE ARCHIVE CENTER,https://lpdaac.usgs.gov/products/modis_policies,lpdaac@usgs.gov,2003,"Wan, Z. (2006). MODIS land surface temperature products users’ guide.ICESS, University of California.",ftp.ladsftp.nascom.nasa.gov,https://lpdaac.usgs.gov/dataset_discovery/modis/modis_products_table/mod11a19,https://lpdaac.usgs.gov,,https://github.com/ISRICWorldSoil/SoilGrids250m/tree/master/grids/MOD11A2
,complete,N07MOD3,MOD11A2,Mean monthly MODIS LST (nighttime) Jul,Long-term averaged mean monthly surface temperature (nighttime) MODIS July. Derived using a stack of MOD11A2 LST images.,1000,cubicspline,M,0.00 m,0.00 m,1,6,340,286,1,Kelvin,https://lpdaac.usgs.gov/dataset_discovery/modis/modis_products_table/mod11a20,LAND PROCESSES DISTRIBUTED ACTIVE ARCHIVE CENTER,https://lpdaac.usgs.gov/products/modis_policies,lpdaac@usgs.gov,2003,"Wan, Z. (2006). MODIS land surface temperature products users’ guide.ICESS, University of California.",ftp.ladsftp.nascom.nasa.gov,https://lpdaac.usgs.gov/dataset_discovery/modis/modis_products_table/mod11a20,https://lpdaac.usgs.gov,,https://github.com/ISRICWorldSoil/SoilGrids250m/tree/master/grids/MOD11A2
,complete,N08MOD3,MOD11A2,Mean monthly MODIS LST (nighttime) Aug,Long-term averaged mean monthly surface temperature (nighttime) MODIS August. Derived using a stack of MOD11A2 LST images.,1000,cubicspline,M,0.00 m,0.00 m,1,200,340,289,1,Kelvin,https://lpdaac.usgs.gov/dataset_discovery/modis/modis_products_table/mod11a21,LAND PROCESSES DISTRIBUTED ACTIVE ARCHIVE CENTER,https://lpdaac.usgs.gov/products/modis_policies,lpdaac@usgs.gov,2003,"Wan, Z. (2006). MODIS land surface temperature products users’ guide.ICESS, University of California.",ftp.ladsftp.nascom.nasa.gov,https://lpdaac.usgs.gov/dataset_discovery/modis/modis_products_table/mod11a21,https://lpdaac.usgs.gov,,https://github.com/ISRICWorldSoil/SoilGrids250m/tree/master/grids/MOD11A2
,complete,N09MOD3,MOD11A2,Mean monthly MODIS LST (nighttime) Sep,Long-term averaged mean monthly surface temperature (nighttime) MODIS September. Derived using a stack of MOD11A2 LST images.,1000,cubicspline,M,0.00 m,0.00 m,1,200,340,286,1,Kelvin,https://lpdaac.usgs.gov/dataset_discovery/modis/modis_products_table/mod11a22,LAND PROCESSES DISTRIBUTED ACTIVE ARCHIVE CENTER,https://lpdaac.usgs.gov/products/modis_policies,lpdaac@usgs.gov,2003,"Wan, Z. (2006). MODIS land surface temperature products users’ guide.ICESS, University of California.",ftp.ladsftp.nascom.nasa.gov,https://lpdaac.usgs.gov/dataset_discovery/modis/modis_products_table/mod11a22,https://lpdaac.usgs.gov,,https://github.com/ISRICWorldSoil/SoilGrids250m/tree/master/grids/MOD11A2
,complete,N10MOD3,MOD11A2,Mean monthly MODIS LST (nighttime) Oct,Long-term averaged mean monthly surface temperature (nighttime) MODIS October. Derived using a stack of MOD11A2 LST images.,1000,cubicspline,M,0.00 m,0.00 m,1,200,340,282,1,Kelvin,https://lpdaac.usgs.gov/dataset_discovery/modis/modis_products_table/mod11a23,LAND PROCESSES DISTRIBUTED ACTIVE ARCHIVE CENTER,https://lpdaac.usgs.gov/products/modis_policies,lpdaac@usgs.gov,2003,"Wan, Z. (2006). MODIS land surface temperature products users’ guide.ICESS, University of California.",ftp.ladsftp.nascom.nasa.gov,https://lpdaac.usgs.gov/dataset_discovery/modis/modis_products_table/mod11a23,https://lpdaac.usgs.gov,,https://github.com/ISRICWorldSoil/SoilGrids250m/tree/master/grids/MOD11A2
,complete,N11MOD3,MOD11A2,Mean monthly MODIS LST (nighttime) Nov,Long-term averaged mean monthly surface temperature (nighttime) MODIS November. Derived using a stack of MOD11A2 LST images.,1000,cubicspline,M,0.00 m,0.00 m,1,200,340,277,1,Kelvin,https://lpdaac.usgs.gov/dataset_discovery/modis/modis_products_table/mod11a24,LAND PROCESSES DISTRIBUTED ACTIVE ARCHIVE CENTER,https://lpdaac.usgs.gov/products/modis_policies,lpdaac@usgs.gov,2003,"Wan, Z. (2006). MODIS land surface temperature products users’ guide.ICESS, University of California.",ftp.ladsftp.nascom.nasa.gov,https://lpdaac.usgs.gov/dataset_discovery/modis/modis_products_table/mod11a24,https://lpdaac.usgs.gov,,https://github.com/ISRICWorldSoil/SoilGrids250m/tree/master/grids/MOD11A2
,complete,N12MOD3,MOD11A2,Mean monthly MODIS LST (nighttime) Dec,Long-term averaged mean monthly surface temperature (nighttime) MODIS December. Derived using a stack of MOD11A2 LST images.,1000,cubicspline,M,0.00 m,0.00 m,1,200,340,273,1,Kelvin,https://lpdaac.usgs.gov/dataset_discovery/modis/modis_products_table/mod11a25,LAND PROCESSES DISTRIBUTED ACTIVE ARCHIVE CENTER,https://lpdaac.usgs.gov/products/modis_policies,lpdaac@usgs.gov,2003,"Wan, Z. (2006). MODIS land surface temperature products users’ guide. ICESS, University of California.",ftp.ladsftp.nascom.nasa.gov,https://lpdaac.usgs.gov/dataset_discovery/modis/modis_products_table/mod11a25,https://lpdaac.usgs.gov,,https://github.com/ISRICWorldSoil/SoilGrids250m/tree/master/grids/MOD11A2
Travis,complete,MANMCF5,MODCF,Mean annual cloud cover,Long-term averaged mean cloud cover,1000,cubicspline,M,0.00 m,0.00 m,1,,,,1,index,http://www.earthenv.org/cloud,,,,2000-2015,"Wilson AM, Jetz W (2016) Remotely Sensed High-Resolution Global Cloud Dynamics for Predicting Ecosystem and Biodiversity Distributions. PLoS Biol 14(3): e1002415. doi:10.1371/journal. pbio.1002415",http://www.earthenv.org/cloud,http://www.earthenv.org/cloud,http://www.earthenv.org/cloud,,
,complete,C01MCF5,MODCF,0,Long-term averaged monthly cloud cover Jan,1000,cubicspline,M,0.00 m,0.00 m,1,,,,1,index,http://www.earthenv.org/cloud,,,,2000-2015,"Wilson AM, Jetz W (2016) Remotely Sensed High-Resolution Global Cloud Dynamics for Predicting Ecosystem and Biodiversity Distributions. PLoS Biol 14(3): e1002415. doi:10.1371/journal. pbio.1002415",http://www.earthenv.org/cloud,http://www.earthenv.org/cloud,http://www.earthenv.org/cloud,,
,complete,C02MCF5,MODCF,Mean monthly cloud cover Feb,Long-term averaged monthly cloud cover Feb,1000,cubicspline,M,0.00 m,0.00 m,1,,,,1,index,http://www.earthenv.org/cloud,,,,2000-2015,"Wilson AM, Jetz W (2016) Remotely Sensed High-Resolution Global Cloud Dynamics for Predicting Ecosystem and Biodiversity Distributions. PLoS Biol 14(3): e1002415. doi:10.1371/journal. pbio.1002416",http://www.earthenv.org/cloud,http://www.earthenv.org/cloud,http://www.earthenv.org/cloud,,
,complete,C03MCF5,MODCF,Mean monthly cloud cover Mar,Long-term averaged monthly cloud cover Mar,1000,cubicspline,M,0.00 m,0.00 m,1,,,,1,index,http://www.earthenv.org/cloud,,,,2000-2015,"Wilson AM, Jetz W (2016) Remotely Sensed High-Resolution Global Cloud Dynamics for Predicting Ecosystem and Biodiversity Distributions. PLoS Biol 14(3): e1002415. doi:10.1371/journal. pbio.1002417",http://www.earthenv.org/cloud,http://www.earthenv.org/cloud,http://www.earthenv.org/cloud,,
,complete,C04MCF5,MODCF,Mean monthly cloud cover Apr,Long-term averaged monthly cloud cover Apr,1000,cubicspline,M,0.00 m,0.00 m,1,,,,1,index,http://www.earthenv.org/cloud,,,,2000-2015,"Wilson AM, Jetz W (2016) Remotely Sensed High-Resolution Global Cloud Dynamics for Predicting Ecosystem and Biodiversity Distributions. PLoS Biol 14(3): e1002415. doi:10.1371/journal. pbio.1002418",http://www.earthenv.org/cloud,http://www.earthenv.org/cloud,http://www.earthenv.org/cloud,,
,complete,C05MCF5,MODCF,Mean monthly cloud cover May,Long-term averaged monthly cloud cover May,1000,cubicspline,M,0.00 m,0.00 m,1,,,,1,index,http://www.earthenv.org/cloud,,,,2000-2015,"Wilson AM, Jetz W (2016) Remotely Sensed High-Resolution Global Cloud Dynamics for Predicting Ecosystem and Biodiversity Distributions. PLoS Biol 14(3): e1002415. doi:10.1371/journal. pbio.1002419",http://www.earthenv.org/cloud,http://www.earthenv.org/cloud,http://www.earthenv.org/cloud,,
,complete,C06MCF5,MODCF,Mean monthly cloud cover Jun,Long-term averaged monthly cloud cover Jun,1000,cubicspline,M,0.00 m,0.00 m,1,,,,1,index,http://www.earthenv.org/cloud,,,,2000-2015,"Wilson AM, Jetz W (2016) Remotely Sensed High-Resolution Global Cloud Dynamics for Predicting Ecosystem and Biodiversity Distributions. PLoS Biol 14(3): e1002415. doi:10.1371/journal. pbio.1002420",http://www.earthenv.org/cloud,http://www.earthenv.org/cloud,http://www.earthenv.org/cloud,,
,complete,C07MCF5,MODCF,Mean monthly cloud cover Jul,Long-term averaged monthly cloud cover Jul,1000,cubicspline,M,0.00 m,0.00 m,1,,,,1,index,http://www.earthenv.org/cloud,,,,2000-2015,"Wilson AM, Jetz W (2016) Remotely Sensed High-Resolution Global Cloud Dynamics for Predicting Ecosystem and Biodiversity Distributions. PLoS Biol 14(3): e1002415. doi:10.1371/journal. pbio.1002421",http://www.earthenv.org/cloud,http://www.earthenv.org/cloud,http://www.earthenv.org/cloud,,
,complete,C08MCF5,MODCF,Mean monthly cloud cover Aug,Long-term averaged monthly cloud cover Aug,1000,cubicspline,M,0.00 m,0.00 m,1,,,,1,index,http://www.earthenv.org/cloud,,,,2000-2015,"Wilson AM, Jetz W (2016) Remotely Sensed High-Resolution Global Cloud Dynamics for Predicting Ecosystem and Biodiversity Distributions. PLoS Biol 14(3): e1002415. doi:10.1371/journal. pbio.1002422",http://www.earthenv.org/cloud,http://www.earthenv.org/cloud,http://www.earthenv.org/cloud,,
,complete,C09MCF5,MODCF,Mean monthly cloud cover Sep,Long-term averaged monthly cloud cover Sep,1000,cubicspline,M,0.00 m,0.00 m,1,,,,1,index,http://www.earthenv.org/cloud,,,,2000-2015,"Wilson AM, Jetz W (2016) Remotely Sensed High-Resolution Global Cloud Dynamics for Predicting Ecosystem and Biodiversity Distributions. PLoS Biol 14(3): e1002415. doi:10.1371/journal. pbio.1002423",http://www.earthenv.org/cloud,http://www.earthenv.org/cloud,http://www.earthenv.org/cloud,,
,complete,C10MCF5,MODCF,Mean monthly cloud cover Oct,Long-term averaged monthly cloud cover Oct,1000,cubicspline,M,0.00 m,0.00 m,1,,,,1,index,http://www.earthenv.org/cloud,,,,2000-2015,"Wilson AM, Jetz W (2016) Remotely Sensed High-Resolution Global Cloud Dynamics for Predicting Ecosystem and Biodiversity Distributions. PLoS Biol 14(3): e1002415. doi:10.1371/journal. pbio.1002424",http://www.earthenv.org/cloud,http://www.earthenv.org/cloud,http://www.earthenv.org/cloud,,
,complete,C11MCF5,MODCF,Mean monthly cloud cover Nov,Long-term averaged monthly cloud cover Nov,1000,cubicspline,M,0.00 m,0.00 m,1,,,,1,index,http://www.earthenv.org/cloud,,,,2000-2015,"Wilson AM, Jetz W (2016) Remotely Sensed High-Resolution Global Cloud Dynamics for Predicting Ecosystem and Biodiversity Distributions. PLoS Biol 14(3): e1002415. doi:10.1371/journal. pbio.1002425",http://www.earthenv.org/cloud,http://www.earthenv.org/cloud,http://www.earthenv.org/cloud,,
,complete,C12MCF5,MODCF,Mean monthly cloud cover Dec,Long-term averaged monthly cloud cover Dec,1000,cubicspline,M,0.00 m,0.00 m,1,,,,1,index,http://www.earthenv.org/cloud,,,,2000-2015,"Wilson AM, Jetz W (2016) Remotely Sensed High-Resolution Global Cloud Dynamics for Predicting Ecosystem and Biodiversity Distributions. PLoS Biol 14(3): e1002415. doi:10.1371/journal. pbio.1002426",http://www.earthenv.org/cloud,http://www.earthenv.org/cloud,http://www.earthenv.org/cloud,,
,complete,CSCMCF5,MODCF,Cloud cover seasonality concentration,,1000,cubicspline,M,0.00 m,0.00 m,1,,,,1,index,http://www.earthenv.org/cloud,,,,2000-2015,"Wilson AM, Jetz W (2016) Remotely Sensed High-Resolution Global Cloud Dynamics for Predicting Ecosystem and Biodiversity Distributions. PLoS Biol 14(3): e1002415. doi:10.1371/journal. pbio.1002427",http://www.earthenv.org/cloud,http://www.earthenv.org/cloud,http://www.earthenv.org/cloud,,
Amanda,complete,COUNTY6,Admin,Counties USA,Counties USA based on the cb_2015_us_county_500k_a.shp,100,near,M,0.00 m,0.00 m,1,1,248,255,1,factor,https://www.census.gov/geo/maps-data/data/cbf/cbf_counties.html,,,,2015,,https://www.census.gov/geo/maps-data/data/cbf/cbf_counties.html,,,,
,complete,ADIUCL5,Bioclimatic layers,AnnDiurnRge.tif,Annual Mean Diurnal Range. The mean of the monthly temperature ranges (monthly maximum minus monthly minimum).,1000,cubicspline,M,0.00 m,0.00 m,1,0,,,1,degrees celsius*10,http://worldclim.org/bioclim,,,,1971-2000,,http://worldclim.org/bioclim,http://worldclim.org/bioclim,http://worldclim.org/bioclim,,
,complete,PCLQCL5,Bioclimatic layers,PptColdQ.tif,This quarterly index approximates total precipitation that prevails during the coldest quarter.,1000,cubicspline,M,0.00 m,0.00 m,1,0,,,1,mm,http://worldclim.org/bioclim,,,,1971-2000,,http://worldclim.org/bioclim,http://worldclim.org/bioclim,http://worldclim.org/bioclim,,
,complete,PDRSCL5,Bioclimatic layers,PptDrst.tif,This index identifies the total precipitation that prevails during the driest month.,1000,cubicspline,M,0.00 m,0.00 m,1,0,,,1,mm,http://worldclim.org/bioclim,,,,1971-2000,,http://worldclim.org/bioclim,http://worldclim.org/bioclim,http://worldclim.org/bioclim,,
,complete,PDRYCL5,Bioclimatic layers,PptDryQ.tif,This quarterly index approximates total precipitation that prevails during the driest quarter.,1000,cubicspline,M,0.00 m,0.00 m,1,0,,,1,mm,http://worldclim.org/bioclim,,,,1971-2000,,http://worldclim.org/bioclim,http://worldclim.org/bioclim,http://worldclim.org/bioclim,,
,complete,PSESCL5,Bioclimatic layers,PptSeas.tif,This is a measure of the variation in monthly precipitation totals over the course of the year. This index is the ratio of the standard deviation of the monthly total precipitation to the mean monthly total precipitation (also known as the coefficient of variation) and is expressed as a percentage.,1000,cubicspline,M,0.00 m,0.00 m,1,0,,,1,mm,http://worldclim.org/bioclim,,,,1971-2000,,http://worldclim.org/bioclim,http://worldclim.org/bioclim,http://worldclim.org/bioclim,,
,complete,PWRMCL5,Bioclimatic layers,PptWarmQ.tif,This quarterly index approximates total precipitation that prevails during the warmest quarter.,1000,cubicspline,M,0.00 m,0.00 m,1,0,,,1,mm,http://worldclim.org/bioclim,,,,1971-2000,,http://worldclim.org/bioclim,http://worldclim.org/bioclim,http://worldclim.org/bioclim,,
,complete,PWETCL5,Bioclimatic layers,PptWetst.tif,This index identifies the total precipitation that prevails during the wettest month.,1000,cubicspline,M,0.00 m,0.00 m,1,0,,,1,mm,http://worldclim.org/bioclim,,,,1971-2000,,http://worldclim.org/bioclim,http://worldclim.org/bioclim,http://worldclim.org/bioclim,,
,complete,TCLDCL5,Bioclimatic layers,TColdQ.tif,Mean Temperature of Coldest Quarter,1000,cubicspline,M,0.00 m,0.00 m,1,0,,,1,degrees celsius*10,http://worldclim.org/bioclim,,,,1971-2000,,http://worldclim.org/bioclim,http://worldclim.org/bioclim,http://worldclim.org/bioclim,,
,complete,TDRYCL5,Bioclimatic layers,TDryQ.tif,This quarterly index approximates mean temperatures that prevail during the driest quarter.,1000,cubicspline,M,0.00 m,0.00 m,1,0,,,1,degrees celsius*10,http://worldclim.org/bioclim,,,,1971-2000,,http://worldclim.org/bioclim,http://worldclim.org/bioclim,http://worldclim.org/bioclim,,
,complete,TWRMCL5,Bioclimatic layers,TWarmQ.tif,This quarterly index approximates mean temperatures that prevail during the warmest quarter.,1000,cubicspline,M,0.00 m,0.00 m,1,0,,,1,degrees celsius*10,http://worldclim.org/bioclim,,,,1971-2000,,http://worldclim.org/bioclim,http://worldclim.org/bioclim,http://worldclim.org/bioclim,,
,complete,TWETCL5,Bioclimatic layers,TWetQ.tif,This quarterly index approximates mean temperatures that prevail during the wettest season.,1000,cubicspline,M,0.00 m,0.00 m,1,0,,,1,degrees celsius*10,http://worldclim.org/bioclim,,,,1971-2000,,http://worldclim.org/bioclim,http://worldclim.org/bioclim,http://worldclim.org/bioclim,,
Amanda,complete,P01PRI5,PRISM 30yrs climatic,precipitation,,800,cubicspline,M,0.00 m,0.00 m,1,0,,,1,mm,,Oregon State University PRISM,,,1981-2010,,http://www.prism.oregonstate.edu/normals/,,http://www.prism.oregonstate.edu/normals/,,
,complete,P02PRI5,PRISM 30yrs climatic,,,800,cubicspline,M,0.00 m,0.00 m,1,0,,,1,mm,,Oregon State University PRISM,,,1981-2010,,http://www.prism.oregonstate.edu/normals/,,http://www.prism.oregonstate.edu/normals/,,
,complete,P03PRI5,PRISM 30yrs climatic,,,800,cubicspline,M,0.00 m,0.00 m,1,0,,,1,mm,,Oregon State University PRISM,,,1981-2010,,http://www.prism.oregonstate.edu/normals/,,http://www.prism.oregonstate.edu/normals/,,
,complete,P04PRI5,PRISM 30yrs climatic,,,800,cubicspline,M,0.00 m,0.00 m,1,0,,,1,mm,,Oregon State University PRISM,,,1981-2010,,http://www.prism.oregonstate.edu/normals/,,http://www.prism.oregonstate.edu/normals/,,
,complete,P05PRI5,PRISM 30yrs climatic,,,800,cubicspline,M,0.00 m,0.00 m,1,0,,,1,mm,,Oregon State University PRISM,,,1981-2010,,http://www.prism.oregonstate.edu/normals/,,http://www.prism.oregonstate.edu/normals/,,
,complete,P06PRI5,PRISM 30yrs climatic,,,800,cubicspline,M,0.00 m,0.00 m,1,0,,,1,mm,,Oregon State University PRISM,,,1981-2010,,http://www.prism.oregonstate.edu/normals/,,http://www.prism.oregonstate.edu/normals/,,
,complete,P07PRI5,PRISM 30yrs climatic,,,800,cubicspline,M,0.00 m,0.00 m,1,0,,,1,mm,,Oregon State University PRISM,,,1981-2010,,http://www.prism.oregonstate.edu/normals/,,http://www.prism.oregonstate.edu/normals/,,
,complete,P08PRI5,PRISM 30yrs climatic,,,800,cubicspline,M,0.00 m,0.00 m,1,0,,,1,mm,,Oregon State University PRISM,,,1981-2010,,http://www.prism.oregonstate.edu/normals/,,http://www.prism.oregonstate.edu/normals/,,
,complete,P09PRI5,PRISM 30yrs climatic,,,800,cubicspline,M,0.00 m,0.00 m,1,0,,,1,mm,,Oregon State University PRISM,,,1981-2010,,http://www.prism.oregonstate.edu/normals/,,http://www.prism.oregonstate.edu/normals/,,
,complete,P10PRI5,PRISM 30yrs climatic,,,800,cubicspline,M,0.00 m,0.00 m,1,0,,,1,mm,,Oregon State University PRISM,,,1981-2010,,http://www.prism.oregonstate.edu/normals/,,http://www.prism.oregonstate.edu/normals/,,
,complete,P11PRI5,PRISM 30yrs climatic,,,800,cubicspline,M,0.00 m,0.00 m,1,0,,,1,mm,,Oregon State University PRISM,,,1981-2010,,http://www.prism.oregonstate.edu/normals/,,http://www.prism.oregonstate.edu/normals/,,
,complete,P12PRI5,PRISM 30yrs climatic,,,800,cubicspline,M,0.00 m,0.00 m,1,0,,,1,mm,,Oregon State University PRISM,,,1981-2010,,http://www.prism.oregonstate.edu/normals/,,http://www.prism.oregonstate.edu/normals/,,
,complete,T01PRI5,PRISM 30yrs climatic,average temperature,,800,cubicspline,M,0.00 m,0.00 m,1,0,,,1,mm,,Oregon State University PRISM,,,1981-2010,,http://www.prism.oregonstate.edu/normals/,,http://www.prism.oregonstate.edu/normals/,,
,complete,T02PRI5,PRISM 30yrs climatic,,,800,cubicspline,M,0.00 m,0.00 m,1,0,,,1,mm,,Oregon State University PRISM,,,1981-2010,,http://www.prism.oregonstate.edu/normals/,,http://www.prism.oregonstate.edu/normals/,,
,complete,T03PRI5,PRISM 30yrs climatic,,,800,cubicspline,M,0.00 m,0.00 m,1,0,,,1,mm,,Oregon State University PRISM,,,1981-2010,,http://www.prism.oregonstate.edu/normals/,,http://www.prism.oregonstate.edu/normals/,,
,complete,T04PRI5,PRISM 30yrs climatic,,,800,cubicspline,M,0.00 m,0.00 m,1,0,,,1,mm,,Oregon State University PRISM,,,1981-2010,,http://www.prism.oregonstate.edu/normals/,,http://www.prism.oregonstate.edu/normals/,,
,complete,T05PRI5,PRISM 30yrs climatic,,,800,cubicspline,M,0.00 m,0.00 m,1,0,,,1,mm,,Oregon State University PRISM,,,1981-2010,,http://www.prism.oregonstate.edu/normals/,,http://www.prism.oregonstate.edu/normals/,,
,complete,T06PRI5,PRISM 30yrs climatic,,,800,cubicspline,M,0.00 m,0.00 m,1,0,,,1,mm,,Oregon State University PRISM,,,1981-2010,,http://www.prism.oregonstate.edu/normals/,,http://www.prism.oregonstate.edu/normals/,,
,complete,T07PRI5,PRISM 30yrs climatic,,,800,cubicspline,M,0.00 m,0.00 m,1,0,,,1,mm,,Oregon State University PRISM,,,1981-2010,,http://www.prism.oregonstate.edu/normals/,,http://www.prism.oregonstate.edu/normals/,,
,complete,T08PRI5,PRISM 30yrs climatic,,,800,cubicspline,M,0.00 m,0.00 m,1,0,,,1,mm,,Oregon State University PRISM,,,1981-2010,,http://www.prism.oregonstate.edu/normals/,,http://www.prism.oregonstate.edu/normals/,,
,complete,T09PRI5,PRISM 30yrs climatic,,,800,cubicspline,M,0.00 m,0.00 m,1,0,,,1,mm,,Oregon State University PRISM,,,1981-2010,,http://www.prism.oregonstate.edu/normals/,,http://www.prism.oregonstate.edu/normals/,,
,complete,T10PRI5,PRISM 30yrs climatic,,,800,cubicspline,M,0.00 m,0.00 m,1,0,,,1,mm,,Oregon State University PRISM,,,1981-2010,,http://www.prism.oregonstate.edu/normals/,,http://www.prism.oregonstate.edu/normals/,,
,complete,T11PRI5,PRISM 30yrs climatic,,,800,cubicspline,M,0.00 m,0.00 m,1,0,,,1,mm,,Oregon State University PRISM,,,1981-2010,,http://www.prism.oregonstate.edu/normals/,,http://www.prism.oregonstate.edu/normals/,,
,complete,T12PRI5,PRISM 30yrs climatic,,,800,cubicspline,M,0.00 m,0.00 m,1,0,,,1,mm,,Oregon State University PRISM,,,1981-2010,,http://www.prism.oregonstate.edu/normals/,,http://www.prism.oregonstate.edu/normals/,,
,complete,TMTPRI5,PRISM 30yrs climatic,,,800,cubicspline,M,0.00 m,0.00 m,1,0,,,1,mm,,Oregon State University PRISM,,,1981-2010,,http://www.prism.oregonstate.edu/normals/,,http://www.prism.oregonstate.edu/normals/,,
Amanda,complete,N01PRI5,PRISM 30yrs climatic,minimum Temp,,800,cubicspline,M,0.00 m,0.00 m,1,0,,,1,mm,,Oregon State University PRISM,,,1981-2010,,http://www.prism.oregonstate.edu/normals/,,http://www.prism.oregonstate.edu/normals/,,
,complete,N02PRI5,PRISM 30yrs climatic,,,800,cubicspline,M,0.00 m,0.00 m,1,0,,,1,mm,,Oregon State University PRISM,,,1981-2010,,http://www.prism.oregonstate.edu/normals/,,http://www.prism.oregonstate.edu/normals/,,
,complete,N03PRI5,PRISM 30yrs climatic,,,800,cubicspline,M,0.00 m,0.00 m,1,0,,,1,mm,,Oregon State University PRISM,,,1981-2010,,http://www.prism.oregonstate.edu/normals/,,http://www.prism.oregonstate.edu/normals/,,
,complete,N04PRI5,PRISM 30yrs climatic,,,800,cubicspline,M,0.00 m,0.00 m,1,0,,,1,mm,,Oregon State University PRISM,,,1981-2010,,http://www.prism.oregonstate.edu/normals/,,http://www.prism.oregonstate.edu/normals/,,
,complete,N05PRI5,PRISM 30yrs climatic,,,800,cubicspline,M,0.00 m,0.00 m,1,0,,,1,mm,,Oregon State University PRISM,,,1981-2010,,http://www.prism.oregonstate.edu/normals/,,http://www.prism.oregonstate.edu/normals/,,
,complete,N06PRI5,PRISM 30yrs climatic,,,800,cubicspline,M,0.00 m,0.00 m,1,0,,,1,mm,,Oregon State University PRISM,,,1981-2010,,http://www.prism.oregonstate.edu/normals/,,http://www.prism.oregonstate.edu/normals/,,
,complete,N07PRI5,PRISM 30yrs climatic,,,800,cubicspline,M,0.00 m,0.00 m,1,0,,,1,mm,,Oregon State University PRISM,,,1981-2010,,http://www.prism.oregonstate.edu/normals/,,http://www.prism.oregonstate.edu/normals/,,
,complete,N08PRI5,PRISM 30yrs climatic,,,800,cubicspline,M,0.00 m,0.00 m,1,0,,,1,mm,,Oregon State University PRISM,,,1981-2010,,http://www.prism.oregonstate.edu/normals/,,http://www.prism.oregonstate.edu/normals/,,
,complete,N09PRI5,PRISM 30yrs climatic,,,800,cubicspline,M,0.00 m,0.00 m,1,0,,,1,mm,,Oregon State University PRISM,,,1981-2010,,http://www.prism.oregonstate.edu/normals/,,http://www.prism.oregonstate.edu/normals/,,
,complete,N10PRI5,PRISM 30yrs climatic,,,800,cubicspline,M,0.00 m,0.00 m,1,0,,,1,mm,,Oregon State University PRISM,,,1981-2010,,http://www.prism.oregonstate.edu/normals/,,http://www.prism.oregonstate.edu/normals/,,
,complete,N11PRI5,PRISM 30yrs climatic,,,800,cubicspline,M,0.00 m,0.00 m,1,0,,,1,mm,,Oregon State University PRISM,,,1981-2010,,http://www.prism.oregonstate.edu/normals/,,http://www.prism.oregonstate.edu/normals/,,
,complete,N12PRI5,PRISM 30yrs climatic,,,800,cubicspline,M,0.00 m,0.00 m,1,0,,,1,mm,,Oregon State University PRISM,,,1981-2010,,http://www.prism.oregonstate.edu/normals/,,http://www.prism.oregonstate.edu/normals/,,
,complete,TNMPRI5,PRISM 30yrs climatic,,,800,cubicspline,M,0.00 m,0.00 m,1,0,,,1,mm,,Oregon State University PRISM,,,1981-2010,,http://www.prism.oregonstate.edu/normals/,,http://www.prism.oregonstate.edu/normals/,,
,complete,V01PRI5,PRISM 30yrs climatic,vapor pressure deficit,,800,cubicspline,M,0.00 m,0.00 m,1,0,,,1,mm,,Oregon State University PRISM,,,1981-2010,,http://www.prism.oregonstate.edu/normals/,,http://www.prism.oregonstate.edu/normals/,,
,complete,V02PRI5,PRISM 30yrs climatic,,,800,cubicspline,M,0.00 m,0.00 m,1,0,,,1,mm,,Oregon State University PRISM,,,1981-2010,,http://www.prism.oregonstate.edu/normals/,,http://www.prism.oregonstate.edu/normals/,,
,complete,V03PRI5,PRISM 30yrs climatic,,,800,cubicspline,M,0.00 m,0.00 m,1,0,,,1,mm,,Oregon State University PRISM,,,1981-2010,,http://www.prism.oregonstate.edu/normals/,,http://www.prism.oregonstate.edu/normals/,,
,complete,V04PRI5,PRISM 30yrs climatic,,,800,cubicspline,M,0.00 m,0.00 m,1,0,,,1,mm,,Oregon State University PRISM,,,1981-2010,,http://www.prism.oregonstate.edu/normals/,,http://www.prism.oregonstate.edu/normals/,,
,complete,V05PRI5,PRISM 30yrs climatic,,,800,cubicspline,M,0.00 m,0.00 m,1,0,,,1,mm,,Oregon State University PRISM,,,1981-2010,,http://www.prism.oregonstate.edu/normals/,,http://www.prism.oregonstate.edu/normals/,,
,complete,V06PRI5,PRISM 30yrs climatic,,,800,cubicspline,M,0.00 m,0.00 m,1,0,,,1,mm,,Oregon State University PRISM,,,1981-2010,,http://www.prism.oregonstate.edu/normals/,,http://www.prism.oregonstate.edu/normals/,,
,complete,V07PRI5,PRISM 30yrs climatic,,,800,cubicspline,M,0.00 m,0.00 m,1,0,,,1,mm,,Oregon State University PRISM,,,1981-2010,,http://www.prism.oregonstate.edu/normals/,,http://www.prism.oregonstate.edu/normals/,,
,complete,V08PRI5,PRISM 30yrs climatic,,,800,cubicspline,M,0.00 m,0.00 m,1,0,,,1,mm,,Oregon State University PRISM,,,1981-2010,,http://www.prism.oregonstate.edu/normals/,,http://www.prism.oregonstate.edu/normals/,,
,complete,V09PRI5,PRISM 30yrs climatic,,,800,cubicspline,M,0.00 m,0.00 m,1,0,,,1,mm,,Oregon State University PRISM,,,1981-2010,,http://www.prism.oregonstate.edu/normals/,,http://www.prism.oregonstate.edu/normals/,,
,complete,V10PRI5,PRISM 30yrs climatic,,,800,cubicspline,M,0.00 m,0.00 m,1,0,,,1,mm,,Oregon State University PRISM,,,1981-2010,,http://www.prism.oregonstate.edu/normals/,,http://www.prism.oregonstate.edu/normals/,,
,complete,V11PRI5,PRISM 30yrs climatic,,,800,cubicspline,M,0.00 m,0.00 m,1,0,,,1,mm,,Oregon State University PRISM,,,1981-2010,,http://www.prism.oregonstate.edu/normals/,,http://www.prism.oregonstate.edu/normals/,,
,complete,V12PRI5,PRISM 30yrs climatic,,,800,cubicspline,M,0.00 m,0.00 m,1,0,,,1,mm,,Oregon State University PRISM,,,1981-2010,,http://www.prism.oregonstate.edu/normals/,,http://www.prism.oregonstate.edu/normals/,,
,complete,VPDPRI5,PRISM 30yrs climatic,,,800,cubicspline,M,0.00 m,0.00 m,1,0,,,1,mm,,Oregon State University PRISM,,,1981-2010,,http://www.prism.oregonstate.edu/normals/,,http://www.prism.oregonstate.edu/normals/,,
Jim,complete,GESUSG6,Surface geology classes,Surficial Materials in the Conterminous United States,,1000,near,M,0.00 m,0.00 m,1,1,,,1,factor,,,,,2005,,http://pubs.usgs.gov/ds/425/,,http://pubs.usgs.gov/ds/425/,,
,complete,REDL00,Global Forest Change,Landsat Band 3 (red) for year 2000,,30,average,M,0.00 m,0.00 m,1,1,255,,1,,,Global Forest Change 2000–2014 v1.2,,http://www.sciencemag.org/content/342/6160/850,2000,,http://earthenginepartners.appspot.com/science-2013-global-forest/download_v1.2.html,,,,
,complete,NIRL00,Global Forest Change,Landsat Band 4 (NIR) for year 2000,,30,average,M,0.00 m,0.00 m,1,1,255,,1,,,Global Forest Change 2000–2014 v1.3,,http://www.sciencemag.org/content/342/6160/851,2000,,http://earthenginepartners.appspot.com/science-2013-global-forest/download_v1.2.html,,,,
,complete,SW1L00,Global Forest Change,Landsat Band 5 (SWIR) for year 2000,,30,average,M,0.00 m,0.00 m,1,1,255,,1,,,Global Forest Change 2000–2014 v1.4,,http://www.sciencemag.org/content/342/6160/852,2000,,http://earthenginepartners.appspot.com/science-2013-global-forest/download_v1.2.html,,,,
,complete,SW2L00,Global Forest Change,Landsat Band 7 (SWIR) for year 2000,,30,average,M,0.00 m,0.00 m,1,1,255,,1,,,Global Forest Change 2000–2014 v1.5,,http://www.sciencemag.org/content/342/6160/853,2000,,http://earthenginepartners.appspot.com/science-2013-global-forest/download_v1.2.html,,,,
,complete,REDL14,Global Forest Change,Landsat Band 3 (red) for year 2014,,30,average,M,0.00 m,0.00 m,1,1,255,,1,,,Global Forest Change 2000–2014 v1.6,,http://www.sciencemag.org/content/342/6160/854,2014,,http://earthenginepartners.appspot.com/science-2013-global-forest/download_v1.2.html,,,,
,complete,NIRL14,Global Forest Change,Landsat Band 4 (NIR) for year 2014,,30,average,M,0.00 m,0.00 m,1,1,255,,1,,,Global Forest Change 2000–2014 v1.7,,http://www.sciencemag.org/content/342/6160/855,2014,,http://earthenginepartners.appspot.com/science-2013-global-forest/download_v1.2.html,,,,
,complete,SW1L14,Global Forest Change,Landsat Band 5 (SWIR) for year 2014,,30,average,M,0.00 m,0.00 m,1,1,255,,1,,,Global Forest Change 2000–2014 v1.8,,http://www.sciencemag.org/content/342/6160/856,2014,,http://earthenginepartners.appspot.com/science-2013-global-forest/download_v1.2.html,,,,
,complete,SW2L14,Global Forest Change,Landsat Band 7 (SWIR) for year 2014,,30,average,M,0.00 m,0.00 m,1,1,255,,1,,,Global Forest Change 2000–2014 v1.9,,http://www.sciencemag.org/content/342/6160/857,2014,,http://earthenginepartners.appspot.com/science-2013-global-forest/download_v1.2.html,,,,
Tom,complete,BARL10,30 Meter Global Land Cover,Global 30m Bare Ground,Global 30m Bare Ground (circa 2010),30,average,M,0.00 m,0.00 m,1,1,100,,1,percent,http://www.sciencemag.org/content/342/6160/850,30 Meter Global Land Cover,,,2014,"Hansen, M.C., Potapov, P.V., Moore, R., Hancher, M., Turubanova, S.A., Tyukavina, A., Thau, D., Stehman, S.V., Goetz, S.J., Loveland, T.R., Kommareddy, A., Egorov, A., Chini, L., Justice, C.O., and Townshend, J.R.G., 2013, High-Resolution Global Maps of 21st-Century Forest Cover Change: Science, v. 342, no. 6160, p. 850-853",https://landcover.usgs.gov/glc/,,https://landcover.usgs.gov/glc/,,
,complete,TREL10,30 Meter Global Land Cover,Global 30m Tree Cover,Global 30m Tree Cover (circa 2010),30,average,M,0.00 m,0.00 m,1,1,100,,1,percent,http://www.sciencemag.org/content/342/6160/850,30 Meter Global Land Cover,,,2014,"Hansen, M.C., Potapov, P.V., Moore, R., Hancher, M., Turubanova, S.A., Tyukavina, A., Thau, D., Stehman, S.V., Goetz, S.J., Loveland, T.R., Kommareddy, A., Egorov, A., Chini, L., Justice, C.O., and Townshend, J.R.G., 2013, High-Resolution Global Maps of 21st-Century Forest Cover Change: Science, v. 342, no. 6160, p. 850-854",https://landcover.usgs.gov/glc/,,https://landcover.usgs.gov/glc/,,
Amanda,complete,BLDFIE_M_sl1_100m,SoilGrids250m,,,,,,,,,,,,,,,,,,,,,,,,
,complete,BLDFIE_M_sl2_100m,SoilGrids250m,,,,,,,,,,,,,,,,,,,,,,,,
,complete,BLDFIE_M_sl3_100m,SoilGrids250m,,,,,,,,,,,,,,,,,,,,,,,,
,complete,BLDFIE_M_sl4_100m,SoilGrids250m,,,,,,,,,,,,,,,,,,,,,,,,
,complete,BLDFIE_M_sl5_100m,SoilGrids250m,,,,,,,,,,,,,,,,,,,,,,,,
,complete,BLDFIE_M_sl6_100m,SoilGrids250m,,,,,,,,,,,,,,,,,,,,,,,,
,complete,BLDFIE_M_sl7_100m,SoilGrids250m,,,,,,,,,,,,,,,,,,,,,,,,
,complete,ORCDRC_M_sl1_100m,SoilGrids250m,,,,,,,,,,,,,,,,,,,,,,,,
,complete,ORCDRC_M_sl2_100m,SoilGrids250m,,,,,,,,,,,,,,,,,,,,,,,,
,complete,ORCDRC_M_sl3_100m,SoilGrids250m,,,,,,,,,,,,,,,,,,,,,,,,
,complete,ORCDRC_M_sl4_100m,SoilGrids250m,,,,,,,,,,,,,,,,,,,,,,,,
,complete,ORCDRC_M_sl5_100m,SoilGrids250m,,,,,,,,,,,,,,,,,,,,,,,,
,complete,ORCDRC_M_sl6_100m,SoilGrids250m,,,,,,,,,,,,,,,,,,,,,,,,
,complete,ORCDRC_M_sl7_100m,SoilGrids250m,,,,,,,,,,,,,,,,,,,,,,,,
,complete,CLYPPT_M_sl1_100m,SoilGrids250m,,,,,,,,,,,,,,,,,,,,,,,,
,complete,CLYPPT_M_sl2_100m,SoilGrids250m,,,,,,,,,,,,,,,,,,,,,,,,
,complete,CLYPPT_M_sl3_100m,SoilGrids250m,,,,,,,,,,,,,,,,,,,,,,,,
,complete,CLYPPT_M_sl4_100m,SoilGrids250m,,,,,,,,,,,,,,,,,,,,,,,,
,complete,CLYPPT_M_sl5_100m,SoilGrids250m,,,,,,,,,,,,,,,,,,,,,,,,
,complete,CLYPPT_M_sl6_100m,SoilGrids250m,,,,,,,,,,,,,,,,,,,,,,,,
,complete,CLYPPT_M_sl7_100m,SoilGrids250m,,,,,,,,,,,,,,,,,,,,,,,,
,complete,SNDPPT_M_sl1_100m,SoilGrids250m,,,,,,,,,,,,,,,,,,,,,,,,
,complete,SNDPPT_M_sl2_100m,SoilGrids250m,,,,,,,,,,,,,,,,,,,,,,,,
,complete,SNDPPT_M_sl3_100m,SoilGrids250m,,,,,,,,,,,,,,,,,,,,,,,,
,complete,SNDPPT_M_sl4_100m,SoilGrids250m,,,,,,,,,,,,,,,,,,,,,,,,
,complete,SNDPPT_M_sl5_100m,SoilGrids250m,,,,,,,,,,,,,,,,,,,,,,,,
,complete,SNDPPT_M_sl6_100m,SoilGrids250m,,,,,,,,,,,,,,,,,,,,,,,,
,complete,SNDPPT_M_sl7_100m,SoilGrids250m,,,,,,,,,,,,,,,,,,,,,,,,
,,GK0MRD3,Aeroradiometric_grid,Potassium,,1000,cubicspline,M,0.00 m,2.00 m,1,0,,,1,,https://mrdata.usgs.gov/radiometric/,,,,2007,"Duval, J.S., Carson, J.M., Holman, P.B., and Darnley, A.G., 2005, Terrestrial radioactivity and gamma-ray exposure in the United States and Canada: U.S. Geological Survey Open-File Report 2005-1413. Available online only.",http://pubs.usgs.gov/of/2005/1413/gisdata/,,,,
,,GTHMRD3,Aeroradiometric_grid,Thorium,,1000,cubicspline,M,0.00 m,2.00 m,1,0,,,1,,https://mrdata.usgs.gov/radiometric/,,,,2007,"Duval, J.S., Carson, J.M., Holman, P.B., and Darnley, A.G., 2005, Terrestrial radioactivity and gamma-ray exposure in the United States and Canada: U.S. Geological Survey Open-File Report 2005-1413. Available online only.",http://pubs.usgs.gov/of/2005/1413/gisdata/,,,,
,,GU0MRD3,Aeroradiometric_grid,Uranium,,1000,cubicspline,M,0.00 m,2.00 m,1,0,,,1,,https://mrdata.usgs.gov/radiometric/,,,,2007,"Duval, J.S., Carson, J.M., Holman, P.B., and Darnley, A.G., 2005, Terrestrial radioactivity and gamma-ray exposure in the United States and Canada: U.S. Geological Survey Open-File Report 2005-1413. Available online only.",http://pubs.usgs.gov/of/2005/1413/gisdata/,,,,
,,GEXMRD3,Aeroradiometric_grid,Absorbed dose,,1000,cubicspline,M,0.00 m,2.00 m,1,0,,,1,,https://mrdata.usgs.gov/radiometric/,,,,2007,"Duval, J.S., Carson, J.M., Holman, P.B., and Darnley, A.G., 2005, Terrestrial radioactivity and gamma-ray exposure in the United States and Canada: U.S. Geological Survey Open-File Report 2005-1413. Available online only.",http://pubs.usgs.gov/of/2005/1413/gisdata/,,,,
,,OCCGSW7,Global Surface Water,Occurrence probability,,25,average,M,0.00 m,0.00 m,1,1,255,,1,,https://global-surface-water.appspot.com/,,,,2016,http://www.nature.com/nature/journal/vaop/ncurrent/full/nature20584.html,https://global-surface-water.appspot.com/download,,,,
,,CHAGSW7,Global Surface Water,Surface water change,,25,average,M,0.00 m,0.00 m,1,1,255,,1,,https://global-surface-water.appspot.com/,,,,2016,http://www.nature.com/nature/journal/vaop/ncurrent/full/nature20584.html,https://global-surface-water.appspot.com/download,,,,
,,EXTGSW7,Global Surface Water,Global surface water maximum extent,,25,average,M,0.00 m,0.00 m,1,1,255,,1,,https://global-surface-water.appspot.com/,,,,2016,http://www.nature.com/nature/journal/vaop/ncurrent/full/nature20584.html,https://global-surface-water.appspot.com/download,,,,